Id,Score,State,Gender,Age,Assets,Balance,Products,HasCreditCard,Active,Income,Churned
1,619,1,0,42,2,5000000.0,1,1,1,5677945402.283252,1
2,608,2,0,41,1,8380786.0,1,0,1,4994492385.2184305,0
3,502,1,0,42,8,5035971.223021583,3,1,0,6846055891.744095,1
4,699,1,0,39,1,5071942.446043165,2,0,0,8348547106.624634,0
5,850,2,0,43,2,12551082.0,1,1,1,11225884969.179176,0
6,645,2,1,44,8,11375578.0,2,1,0,11637295571.69728,1
7,822,1,1,50,7,5107913.669064748,2,1,1,12000000000.0,0
8,376,0,0,29,4,11504674.0,4,1,0,11934688000.0,1
9,501,1,1,44,4,14205107.0,2,0,1,2739712347.445867,0
10,684,1,1,27,2,13460388.0,1,1,1,7470383495.862396,0
11,528,1,1,31,6,10201672.0,2,0,0,7560507110.616046,0
12,497,2,1,24,3,5143884.892086331,2,1,0,6700360841.8624,0
13,476,1,0,34,10,5179856.1151079135,2,1,0,6867349614.587015,0
14,549,1,0,25,5,5215827.338129496,2,0,0,1891927142.4930258,0
15,635,2,0,35,7,5251798.561151079,2,1,1,6982700570.954014,0
16,616,0,1,45,3,14312941.0,2,0,1,5295216918.170974,0
17,653,0,1,58,1,13260288.0,1,1,0,10912404528.75071,1
18,549,2,0,24,9,5287769.784172662,2,1,1,0.0,0
19,587,2,1,45,6,5323741.007194244,1,0,0,6045457623.608546,0
20,726,1,0,24,6,5359712.230215827,2,1,1,942469129.4534063,0
21,732,1,1,41,8,5395683.45323741,2,1,1,8374817112.540548,0
22,636,2,0,32,8,5431654.676258992,2,1,0,2890613721.2981176,0
23,510,1,0,38,4,5467625.899280576,1,1,0,12000000000.0,1
24,669,1,1,46,3,5503597.122302159,2,0,1,3328634166.114481,0
25,846,1,0,38,5,5539568.345323741,1,1,1,7970744799.960081,0
26,577,1,1,25,3,5575539.568345324,2,0,1,3836001066.397014,0
27,756,0,1,36,2,13681564.0,1,1,1,6426960599.690936,0
28,571,1,1,44,9,5611510.791366907,2,0,0,4094603172.866952,0
29,574,1,0,43,3,14134943.0,1,1,1,8062412110.294928,0
30,411,1,1,29,0,5969717.0,2,1,1,10008143808.81645,0
31,591,2,0,39,3,5647482.01438849,3,1,0,7893772501.601244,1
32,533,1,1,36,7,5683453.237410072,1,0,1,11211543156.931591,0
33,553,1,1,41,9,11011254.0,2,0,0,4300604237.218658,0
34,520,2,0,42,6,5719424.460431655,2,1,1,7257158601.304501,0
35,722,2,0,29,9,5755395.683453238,2,1,1,12000000000.0,0
36,475,1,0,45,0,13426404.0,1,1,0,6592228534.290482,1
37,490,2,1,31,3,14526023.0,1,0,1,9879240605.723135,0
38,804,2,1,33,7,5791366.90647482,1,0,1,4923997993.001211,0
39,850,1,1,36,7,5827338.129496403,1,1,1,7333139819.258777,0
40,582,0,1,41,6,7034948.0,2,0,1,6118424021.178544,0
41,472,2,1,40,4,5863309.352517986,1,1,0,5016445849.681058,0
42,465,1,0,51,8,12252232.0,1,0,0,7084965695.768949,1
43,556,1,0,61,2,11741935.0,1,1,1,6071925556.739417,0
44,834,1,0,49,2,13139456.0,1,0,0,7099556975.196032,1
45,660,2,0,61,5,15593111.0,1,1,1,7503125140.112442,0
46,776,0,0,32,4,10942113.0,2,1,1,5004248602.911463,0
47,829,0,0,27,9,11204567.0,1,1,1,4913775823.204952,1
48,637,0,0,39,9,5899280.575539568,1,1,1,4188577744.3447533,1
49,550,0,1,38,2,10339138.0,1,0,1,6315556284.560379,0
50,776,0,0,37,2,10376922.0,2,1,0,10690842249.990963,0
51,698,0,1,44,10,11636337.0,2,1,0,7734028113.606624,0
52,585,0,1,36,5,14605097.0,2,0,0,5417603042.687037,0
53,788,1,0,33,5,5935251.798561151,2,0,0,0.0,0
54,655,0,1,41,8,12556197.0,1,0,0,6247328106.685239,1
55,601,0,1,42,1,9849572.0,1,1,0,11527104331.664728,1
56,619,1,1,43,1,12521192.0,1,1,1,5557393920.094164,0
57,656,1,1,45,5,5971223.021582734,1,1,0,6074903531.145817,0
58,725,0,1,19,0,6007194.244604317,1,0,0,1800769040.2038016,0
59,511,2,0,66,4,6043165.467625899,1,1,0,6982911468.68544,1
60,614,1,1,51,4,6079136.690647482,1,1,1,4009601550.359288,0
61,742,0,1,35,5,6115107.913669065,1,0,0,100000.0,0
62,687,0,0,27,9,15232888.0,2,0,0,6858304179.921468,0
63,555,2,1,33,1,5608469.0,2,0,0,2374032257.104804,0
64,684,2,1,56,8,7870716.0,1,1,1,9850661588.715977,0
65,603,0,0,26,4,10916637.0,1,1,1,4232368605.9950614,0
66,751,0,0,36,6,16983146.0,2,1,1,6030599723.209564,0
67,581,0,0,34,1,10163304.0,1,1,0,4418138636.731315,0
68,735,0,1,43,10,12318001.0,2,1,1,8463849270.126796,0
69,661,0,0,35,5,15072553.0,2,0,1,3252427726.798213,0
70,675,1,0,21,8,9837326.0,1,1,0,2575715011.8182554,0
71,738,0,1,58,2,13374544.0,4,1,0,4007032306.929926,1
72,813,1,1,29,6,6151079.136690647,1,1,0,5313675014.766653,0
73,657,2,0,37,0,16360718.0,1,0,1,1480759070.016839,0
74,604,0,0,25,5,15778084.0,2,1,1,5274792870.551588,0
75,519,1,1,36,9,6187050.35971223,2,0,1,2047604097.329595,0
76,735,1,0,21,1,17871819.0,2,1,0,9211162340.54418,0
77,664,1,1,55,8,6223021.582733813,2,1,1,6113194226.056195,0
78,678,1,0,32,9,6258992.805755395,1,1,1,9419204836.170258,0
79,757,2,1,33,5,7725322.0,1,0,1,12000000000.0,0
80,416,0,0,41,10,12218966.0,2,1,0,3754204201.589522,0
81,665,1,0,34,1,9664554.0,2,0,0,100000.0,0
81,665,1,0,34,1,9664554.0,2,0,0,2505124988.278563,0
84,543,1,0,36,3,6294964.028776979,2,0,0,7993966747.738338,0
85,506,1,0,34,4,9030762.0,1,1,1,11391686515.943901,0
86,493,1,0,46,4,6330935.251798561,2,1,0,4992272119.363624,0
87,652,2,0,75,10,6366906.4748201445,2,1,1,11119074049.22152,0
88,750,2,1,22,3,12168182.0,1,1,0,9042529841.703749,1
89,729,1,1,30,9,6402877.697841726,2,1,0,4688761968.17391,0
90,646,1,0,46,4,6438848.92086331,3,1,0,3657525632.482532,1
91,635,0,0,28,3,8162367.0,2,1,1,4998254596.049999,0
92,647,2,0,44,5,6474820.143884892,3,1,1,6267763469.215221,1
93,808,1,1,45,7,11862655.0,2,1,0,7148033864.42967,0
94,524,1,0,36,10,6510791.366906475,2,1,0,6111232808.618203,0
95,769,1,1,29,8,6546762.589928058,2,1,1,8245573895.443291,0
96,730,2,1,42,4,6582733.812949641,2,0,1,7496654797.6349945,0
97,515,2,1,35,10,17627395.0,1,0,1,5273773854.040721,0
98,773,2,1,41,9,10282744.0,1,0,1,5838773033.58648,0
99,814,0,1,29,8,6618705.035971223,2,1,1,6713783170.1079035,0
100,710,2,1,22,8,6654676.258992806,2,0,0,4906615374.443401,0
101,413,1,1,34,9,6690647.482014389,2,0,0,6274142741.194493,0
102,665,1,0,40,6,6726618.7050359715,1,1,1,4715718323.7782345,0
103,623,1,0,44,6,6762589.928057554,2,0,0,488823951.8944559,0
104,738,1,1,31,9,8267415.0,1,1,0,4991941615.370811,0
105,528,2,1,36,7,6798561.151079137,2,1,0,1321201666.2550726,0
106,670,2,0,65,1,6834532.37410072,1,1,1,5670354065.412905,1
107,622,2,0,46,4,10707327.0,2,1,1,10496459486.662136,1
108,582,0,1,32,1,8893862.0,1,1,1,2393786369.7313023,0
109,785,0,0,36,2,9980685.0,1,0,1,2582503160.529144,0
110,605,2,1,33,5,6870503.597122302,1,0,0,12000000000.0,0
111,479,0,1,35,9,9283389.0,1,1,0,9453251164.83448,1
112,685,0,1,30,3,9053681.0,1,0,1,2138560834.918579,0
113,538,0,1,39,7,6906474.820143885,2,1,0,5331572670.3156805,0
114,562,1,1,42,2,10023835.0,1,0,0,6634421948.649402,0
115,675,2,1,36,9,10619055.0,1,0,1,3784524498.3807526,0
116,721,0,1,28,9,15447554.0,2,0,1,8545022077.046486,1
117,628,0,0,30,9,13235129.0,2,1,1,11153167760.108364,0
118,668,0,0,37,6,6942446.043165468,1,1,0,11563829000.0,0
119,506,1,0,41,1,6978417.26618705,2,1,0,4536316160.019255,0
120,524,0,0,31,8,10781863.0,1,1,0,4452279878.693223,1
121,699,0,1,34,4,18517381.0,2,1,0,5747036663.414189,0
122,828,1,1,34,8,12943334.0,2,0,0,100000.0,0
123,674,2,1,39,6,12019342.0,1,0,0,3074209348.1957946,0
124,656,1,0,39,6,7014388.489208633,2,1,0,7150643302.079587,0
125,684,0,0,48,10,12638442.0,1,1,1,930650690.9274445,0
126,625,1,0,28,3,7050359.712230216,1,0,0,9683848043.818602,0
127,432,1,1,42,9,15260345.0,1,1,0,10486482272.928745,1
128,549,1,0,52,1,7086330.9352517985,1,0,1,9476222444.629951,1
129,625,0,1,56,0,14850724.0,1,1,0,3411868891.8663254,1
130,828,1,0,41,7,7122302.158273382,2,1,0,4441074082.74191,0
131,770,1,1,24,9,10182707.0,1,1,0,7558211415.32061,0
132,758,1,0,34,3,7158273.381294964,2,1,1,6781678511.654433,0
133,795,0,0,33,9,13086243.0,1,1,1,2381916908.361423,0
134,687,1,1,38,9,12257087.0,1,1,1,5484683514.036245,0
135,686,1,1,25,1,7194244.6043165475,2,0,1,2583384306.7938075,0
136,789,0,1,39,7,12482846.0,2,1,1,6956992283.371458,0
137,589,0,0,50,5,14489505.0,2,1,1,8137042535.303986,0
138,461,0,0,34,5,6366393.0,1,0,1,5968016636.013818,0
139,637,1,1,40,2,7230215.827338129,1,0,1,3580823137.7265077,0
140,584,2,0,48,2,7266187.050359713,1,1,0,4618843803.961077,1
141,579,2,0,35,1,12949036.0,2,0,1,9354376853.535393,1
142,756,0,1,44,10,13745209.0,1,1,0,4217222065.7642,0
143,663,1,0,34,7,7302158.273381295,2,1,1,100000.0,0
144,682,1,0,43,5,12585193.0,1,1,1,7479974706.11397,0
145,793,2,1,52,2,7338129.496402878,1,1,0,2094128371.1988735,1
146,691,1,0,31,5,7374100.71942446,1,1,0,4958285440.772699,1
147,485,2,0,21,5,11315722.0,1,1,1,2214470415.5977373,0
148,635,2,0,29,8,13829694.0,2,1,0,7812344611.361446,0
149,650,1,1,37,5,10696718.0,1,0,0,7768710958.880186,0
150,735,1,1,44,9,12068163.0,1,1,0,4000844074.567702,0
151,416,1,1,32,0,7410071.942446044,2,0,1,10712269566.502846,0
152,754,2,0,32,7,7446043.1654676255,2,1,0,2515190390.948911,0
153,535,1,0,48,9,7482014.388489209,1,1,0,6343382248.955622,1
154,716,2,1,42,8,7517985.611510791,2,1,0,1996222888.0047803,0
155,539,1,1,37,2,12760959.0,1,1,0,1546395912.4340115,0
156,614,1,0,43,6,7553956.8345323745,2,1,1,4026718285.731206,0
157,706,2,1,57,7,7589928.057553957,1,1,0,5867421876.365093,1
158,758,1,0,33,7,7625899.28057554,2,0,0,7631592367.923625,0
159,586,2,0,28,2,7661870.503597123,2,1,1,4099462730.8443127,0
160,646,1,0,73,6,9725925.0,1,0,1,10034507791.879517,0
161,631,0,0,33,4,7697841.726618705,1,0,0,10571455690.74424,0
162,717,2,0,22,6,10106025.0,1,0,1,3336863406.206822,0
163,684,1,1,30,2,7733812.949640288,2,1,0,6569468077.010384,0
164,800,1,0,49,7,10800736.0,1,0,0,11240944875.960892,0
165,721,2,0,36,2,7769784.172661871,2,1,1,7882881219.914066,0
166,683,2,1,29,0,13370289.0,1,1,0,8336973089.52121,1
167,660,0,1,31,9,12518975.0,2,1,1,8517935069.006846,0
168,704,0,0,24,7,11303422.0,1,1,0,7379069567.072467,1
169,615,2,0,41,9,10901323.0,1,1,0,100000.0,0
170,667,2,0,39,2,7805755.395683453,2,1,0,333858769.74193096,1
171,682,0,1,24,9,5792981.0,2,0,0,6760513666.023377,0
172,484,1,0,29,4,13011439.0,1,1,0,3432843878.3761263,0
173,628,0,1,27,5,9582649.0,2,1,0,9929787827.544287,0
174,480,0,1,44,10,12960857.0,1,1,0,3182988281.191348,1
175,578,1,1,30,4,16946209.0,1,1,0,5915515142.265098,0
176,512,1,1,40,5,7841726.618705036,2,1,1,4889192129.638564,0
177,484,2,0,35,7,13386821.0,1,1,1,1459849016.3478136,0
178,510,1,0,30,0,7877697.841726619,2,1,1,4784453619.670403,0
179,606,0,1,36,5,19047948.0,2,0,0,2088801538.5230374,0
180,597,2,0,40,8,10199312.0,1,0,1,4001651124.9321117,0
181,754,0,0,55,3,16160881.0,1,1,0,0.0,1
182,850,2,0,45,2,12231121.0,1,1,1,6681194502.314871,0
183,510,1,1,65,2,7913669.0647482015,2,1,1,7490153955.913233,0
184,778,0,0,45,1,16215042.0,2,1,0,2405191993.182653,0
185,636,1,1,42,2,7949640.287769784,2,1,1,6465095595.7371,0
186,804,1,0,50,4,7985611.510791367,1,1,1,2877228611.778558,1
187,514,1,1,32,8,8021582.733812951,2,1,0,5476581708.049177,0
188,730,1,0,39,1,9901067.0,1,1,0,5683383873.082439,0
189,525,2,0,37,0,8057553.956834532,1,0,1,8858478172.308395,0
190,616,2,1,30,5,8093525.179856116,2,0,1,100000.0,0
191,687,0,0,34,7,11138818.0,2,1,0,7219172223.939349,0
192,715,1,0,41,8,5621485.0,2,0,0,10990028863.836164,1
193,512,1,0,36,3,8432777.0,2,1,0,6938560695.907204,0
194,479,1,1,40,1,8129496.402877698,2,0,0,8535705014.0726185,0
195,601,1,1,32,8,9301289.0,1,1,0,6632113105.598359,0
196,580,2,1,29,9,6171044.0,2,1,0,1307107515.6334524,0
197,807,1,1,35,3,17479015.0,1,1,1,9422372471.239614,0
198,616,2,0,32,6,8165467.625899281,2,1,1,2062554667.7332711,0
199,721,0,1,37,3,10772064.0,1,1,1,6537850607.280431,0
200,501,1,1,57,10,8201438.848920863,2,1,1,5798798066.017432,0
201,521,1,1,35,6,9642384.0,1,1,0,8791798454.032791,0
202,850,2,1,30,2,14104001.0,1,1,1,8095443174.128121,0
203,759,1,1,42,4,10542018.0,1,0,1,2497961590.7481627,0
204,516,2,1,50,5,8237410.071942447,1,0,1,5790789545.35632,1
205,711,1,0,38,2,12902206.0,2,1,1,5875841165.628406,1
206,512,2,1,33,3,17666662.0,1,1,0,1583585349.8259993,0
207,550,1,1,37,3,8273381.2949640285,1,1,1,8161260118.994249,0
208,608,2,0,41,3,8976384.0,1,0,0,2805726251.9355507,1
209,618,1,1,34,5,13495453.0,1,1,1,4437261901.533733,0
210,643,1,1,45,5,8309352.517985612,1,1,0,12000000000.0,1
211,671,1,1,45,2,10637685.0,1,0,1,11204972586.803177,0
212,689,0,1,33,2,16181464.0,2,1,0,4007579438.9595604,0
213,603,1,1,31,8,8345323.741007194,2,1,1,100000.0,0
214,620,1,0,41,9,8381294.964028778,2,0,0,5692836464.884864,0
215,676,1,0,34,1,6309501.0,1,1,1,5965633318.374865,0
216,572,0,1,26,4,11828701.0,2,0,0,5460750111.135562,0
217,668,0,1,47,7,10685421.0,1,0,1,10051477601.040895,1
218,695,1,1,46,7,8417266.18705036,1,1,0,4859397888.441795,0
219,730,2,0,33,9,8453237.410071943,2,0,0,100000.0,0
220,807,1,1,43,1,10579932.0,2,1,0,4305589909.042479,1
221,592,1,1,54,8,8489208.633093525,1,1,1,100000.0,1
222,726,1,0,31,9,11472205.0,2,1,1,100000.0,0
223,514,2,1,30,7,8525179.856115108,1,0,1,6719639944.818671,0
224,567,1,1,42,2,8561151.079136692,2,1,1,10573580544.753307,0
225,850,1,1,33,10,8597122.302158274,1,1,0,6651650691.024307,1
226,671,0,1,45,6,9956422.0,1,1,1,5536254748.930702,1
227,670,1,1,37,4,17055791.0,2,1,0,6167858153.570535,0
228,694,1,0,30,9,8633093.525179856,2,1,1,6502914375.118388,0
229,547,0,0,39,6,7459615.0,3,1,1,4250453851.583499,1
230,751,0,1,50,2,9688839.0,1,1,0,100000.0,1
231,594,0,0,29,3,13083022.0,1,1,0,331399156.51882553,0
232,673,1,1,72,1,8669064.74820144,2,0,1,7087219961.714231,0
233,610,1,1,40,0,8705035.971223023,2,1,0,3546979194.9323487,0
234,512,1,0,37,1,8741007.194244605,2,0,1,7129298535.231603,0
235,767,0,1,20,3,11971425.0,2,0,1,268062462.07218075,0
236,585,1,0,67,5,11397897.0,2,0,1,8344928742.00518,0
237,763,0,1,42,6,10016075.0,1,1,0,8232546580.62978,1
238,712,1,0,29,2,8776978.417266186,1,1,1,5064293991.999304,0
239,539,0,0,43,3,8812949.64028777,3,1,0,6210950244.688212,1
240,668,1,0,46,2,8848920.863309354,3,1,0,4387998389.353391,1
241,703,1,1,28,2,8117383.0,2,0,1,5879053402.563465,0
242,662,2,1,38,4,8884892.086330935,2,1,0,10816911467.523016,0
243,725,0,0,39,5,8920863.309352519,1,1,0,8058730323.777931,0
244,703,1,1,37,8,10596168.0,2,0,1,2472907270.574601,0
245,659,0,1,67,6,8956834.5323741,1,1,1,2210735451.0369296,1
246,523,2,1,34,7,8992805.755395684,2,1,0,4917806858.132971,0
247,635,1,0,40,10,12349758.0,1,1,0,2745797847.3754315,1
248,772,0,1,26,7,15240051.0,2,1,0,1738301184.6828222,0
249,545,1,0,26,1,9028776.978417266,2,1,1,4468011072.132313,0
250,634,0,1,24,8,10309785.0,1,1,1,8727151328.944597,0
251,739,0,1,54,8,12641814.0,1,1,0,3540220155.337051,1
252,771,0,0,36,5,9064748.20143885,1,0,0,11113633331.587666,0
253,587,2,0,34,1,9100719.424460432,2,1,1,8355665788.925467,0
254,681,1,0,79,0,9136690.647482015,2,0,1,12000000000.0,0
255,544,0,1,37,2,7973191.0,1,1,1,3603044444.0768976,0
256,696,2,1,28,8,9172661.870503597,1,0,0,6105916298.074127,0
257,766,2,1,41,0,9208633.09352518,2,0,1,3117950130.4209514,0
258,727,1,1,34,10,9244604.316546764,2,1,1,8791049285.310692,0
259,671,0,0,34,6,9280575.539568346,2,0,0,2372031764.555697,0
260,693,1,0,30,6,12799225.0,1,1,1,7270811347.04898,0
261,850,0,1,38,3,5490101.0,1,1,1,8821649760.553991,0
262,732,0,1,42,9,10874808.0,2,1,1,7661416005.145471,0
263,726,2,0,48,6,9990619.0,1,1,0,5537559161.170806,0
264,557,1,0,32,6,18468641.0,2,1,0,6349951865.262074,0
265,682,1,0,26,0,11065402.0,1,0,1,4550237444.887109,0
266,738,2,1,31,9,9316546.762589928,1,1,1,7273265374.55368,0
267,531,2,0,36,9,9924051.0,1,1,0,5159076947.904337,0
268,498,1,1,34,2,9352517.985611511,2,1,1,9648806579.576017,0
269,651,1,1,36,7,9388489.208633095,2,1,0,6298416566.916565,0
270,549,2,0,39,7,9424460.431654677,1,0,0,5809396258.352241,1
271,791,0,0,35,7,9460431.654676259,1,1,0,5952568231.517951,0
272,650,2,1,41,9,9496402.877697842,2,0,1,4242118010.056977,0
273,733,0,1,34,3,10033796.0,3,1,0,7662231290.99633,1
274,811,0,0,34,1,14929719.0,2,1,1,7255865342.729641,0
275,707,1,1,30,8,9532374.100719426,2,1,0,9739216246.922108,0
276,712,0,1,28,4,14560544.0,1,0,1,100000.0,0
277,706,2,0,37,7,9568345.323741008,2,1,1,2426828452.644356,0
278,756,1,1,62,3,9604316.54676259,1,1,1,2650395701.325436,1
279,777,1,0,53,10,9640287.769784173,2,1,0,5217721464.294828,0
280,646,1,1,35,6,8402686.0,1,0,1,5880944371.347387,0
281,714,1,1,46,1,9676258.992805757,1,1,0,4337871299.522948,1
282,782,1,1,39,8,9712230.215827338,2,1,1,1688852537.5225105,0
283,775,2,1,29,10,9748201.43884892,2,1,1,340406917.5613985,0
284,479,0,1,35,4,13871892.0,1,1,1,7568029598.328393,1
285,807,1,1,42,7,11827471.0,1,1,1,7124247891.640224,0
286,799,1,0,22,8,17418598.0,2,0,1,123417718.95841694,0
287,675,1,1,40,7,11320886.0,2,1,0,5812277319.174583,0
288,602,2,1,29,5,10390728.0,1,1,0,10688574839.24734,0
289,475,1,0,32,8,11902328.0,1,1,0,1487806962.5265417,0
290,744,2,0,26,5,16629789.0,1,1,1,9780432955.341871,0
291,588,2,1,34,10,9784172.661870504,2,1,0,8303627523.759902,0
292,703,0,1,42,9,9820143.884892087,1,0,1,8074049920.419773,0
293,747,2,0,41,5,9452117.0,2,1,0,2360770367.4290614,0
294,583,1,1,27,7,9856115.10791367,2,1,0,10841484016.31038,0
295,750,2,0,34,9,11282226.0,1,0,0,5523386985.447766,1
296,681,1,1,38,3,9892086.330935251,2,1,1,5601164800.7519865,0
297,773,1,1,25,2,13590333.0,1,1,0,1548064158.9607801,0
298,714,1,0,31,4,12516926.0,1,1,1,7539043351.605774,0
299,687,2,0,44,7,9928057.553956835,3,1,0,6322340518.469733,1
300,511,1,1,58,0,14911731.0,1,1,1,6758200773.934729,0
301,627,1,1,33,5,9964028.776978418,2,1,1,6576802395.088028,0
302,694,1,0,31,10,10000000.0,2,1,0,4746931734.355688,0
303,616,2,0,36,6,13231171.0,1,0,0,3370699239.5288706,0
304,687,1,1,35,8,10035971.223021582,2,1,0,7516080823.057964,0
305,712,1,0,33,6,10071942.446043167,2,1,1,9784672997.336384,0
306,553,1,1,33,4,11808289.0,1,0,0,7216017918.263512,0
307,667,1,1,31,1,11926669.0,1,1,1,5531252087.03119,0
308,731,1,1,43,2,10107913.669064749,1,1,1,5087194489.210966,1
309,629,0,1,35,7,15684729.0,2,1,0,9799323529.96142,0
310,614,1,1,50,4,13710447.0,1,1,0,4003984363.628724,1
311,438,0,1,31,8,7839869.0,1,1,0,5581339344.10664,0
312,652,1,0,85,4,10143884.89208633,2,1,1,9621307130.093838,0
313,729,0,1,30,6,6366942.0,1,1,0,7507081276.623428,0
314,642,1,1,38,3,10179856.115107914,2,0,0,10233540351.204182,0
315,806,0,0,59,0,13529633.0,1,1,0,4678347640.0430355,0
316,744,2,1,36,2,15380444.0,1,1,1,2464211995.6152573,0
317,474,2,1,37,3,10215827.338129498,2,0,0,9925877127.913017,0
318,559,1,1,49,2,14706978.0,1,1,0,9379310679.191269,1
319,706,2,1,42,9,10251798.56115108,2,1,1,3580720752.323936,0
320,628,2,0,22,3,10287769.784172662,1,1,0,255296042.18202877,0
321,429,1,1,24,4,9574175.0,1,1,0,9076469893.214039,0
322,525,2,0,57,2,14596533.0,1,1,1,7081211242.417699,0
323,680,1,0,30,8,14144175.0,1,1,1,8689385653.786144,0
324,749,1,1,40,1,13929041.0,1,1,0,3076604805.904455,1
325,763,1,0,31,4,10323741.007194245,2,0,0,4047135077.2545795,0
326,734,1,1,30,3,10359712.230215829,2,1,0,12000000000.0,0
327,716,1,1,35,4,14442887.0,1,1,0,7580796831.799763,0
328,594,1,1,35,2,10395683.45323741,2,1,0,2875482461.6393046,0
329,644,1,0,46,9,9544127.0,1,1,0,3031563579.3455367,1
330,671,0,1,35,1,14484874.0,1,1,1,10531797835.445042,0
331,664,0,1,26,7,11624414.0,2,1,1,5166534098.024193,0
332,656,1,1,50,7,10431654.676258992,2,0,1,0.0,0
333,667,2,0,40,1,14650207.0,1,1,0,2102582466.0354753,0
334,663,0,1,44,2,10467625.899280576,2,0,1,1310705412.8635426,0
335,584,0,0,30,8,11201381.0,1,1,0,11856582408.572426,1
336,626,2,0,37,6,10826937.0,1,1,0,8269552998.093653,0
337,485,1,1,29,7,18212379.0,1,1,0,6323298153.908002,1
338,659,0,0,32,3,15092374.0,2,0,1,2711559822.35041,0
339,649,1,1,33,2,10503597.12230216,2,1,0,6817503116.1408,0
340,805,2,0,39,5,16527213.0,1,1,0,10149413701.122879,1
341,716,0,0,39,10,11530131.0,1,1,0,1050263498.5822926,1
342,642,0,0,40,6,12950249.0,2,0,1,6191721228.767409,1
343,659,1,1,31,4,11834226.0,1,0,0,6806004629.174364,0
344,545,2,0,47,5,10539568.345323741,2,1,1,2875277380.661847,0
345,543,1,1,22,8,10575539.568345323,2,0,0,7521906800.257448,0
346,718,1,0,25,7,10611510.791366907,2,1,0,6222138146.903257,0
347,840,1,0,43,7,10647482.01438849,2,1,0,2411573802.2567806,0
348,630,0,0,34,9,10693705.0,2,1,0,2753828209.441544,0
349,643,0,1,59,3,17033137.0,1,1,1,8098394757.098748,0
350,654,0,0,32,1,11451085.0,1,1,1,6045410415.333617,0
351,582,1,1,39,5,10683453.237410072,2,1,1,3584834986.9369316,0
352,659,2,1,32,3,10759411.0,2,1,1,6737461941.231145,0
353,762,2,1,39,2,8127313.0,1,1,1,4046659267.1563525,0
354,568,2,0,32,7,10719424.460431654,1,1,0,6517575244.357639,0
355,670,2,1,25,6,10755395.683453238,2,1,1,8652736496.314808,0
356,613,1,0,45,1,18784199.0,2,1,1,8101055516.42981,0
357,539,1,1,30,0,10791366.906474821,2,1,0,1135285213.2046394,0
358,850,2,0,57,8,10827338.129496403,2,1,1,1744583634.322702,0
359,522,2,1,34,9,12643629.0,1,1,0,6304693586.436133,1
360,737,1,1,41,1,10196074.0,1,1,1,8963409375.961678,0
361,520,1,1,58,3,10863309.352517985,2,0,1,2384362918.4310565,0
362,706,2,1,28,3,10899280.575539568,2,0,1,7779047958.688099,0
363,643,0,0,45,2,15084293.0,1,0,1,3559697930.2964473,1
364,648,1,0,50,9,10253557.0,1,1,1,7600659079.692834,0
365,443,0,0,29,9,9902761.0,2,1,0,7755021493.10229,0
366,640,1,1,68,9,10935251.798561152,2,1,1,5280717665.782665,0
367,628,2,0,33,3,10971223.021582734,1,1,1,5930161886.94507,0
368,540,0,0,42,9,8727141.0,2,1,0,7346452075.116478,0
369,460,0,0,35,8,10274291.0,2,1,1,5188521351.043849,0
370,636,0,1,34,2,11007194.244604317,2,0,1,3359275631.607677,0
371,593,1,0,29,2,15226543.0,1,1,0,634611426.6982412,0
372,801,2,1,42,4,14194767.0,1,1,1,6913913839.395141,0
373,640,0,0,75,1,10630791.0,2,0,1,4940561287.709615,0
374,611,0,1,31,0,10788481.0,2,1,1,731896736.5520124,0
375,802,0,1,31,1,12501372.0,1,1,1,3651517713.375134,0
376,717,0,1,35,7,5846937.0,2,1,1,7064287029.395254,0
377,769,1,0,39,8,11043165.467625901,1,0,1,9291681246.981312,0
378,745,0,1,45,10,11723163.0,3,1,1,1339844445.6496267,1
379,572,2,1,35,4,15239026.0,1,1,0,10939952642.422615,0
380,629,2,0,30,2,11079136.690647483,1,1,0,6164164407.903457,0
381,687,2,0,39,2,11115107.913669065,3,0,0,8242364485.797269,1
382,483,1,0,50,9,11151079.136690648,2,1,1,8574565522.234352,0
383,690,1,1,36,7,10158311.0,2,1,0,7504703851.713034,0
384,492,0,0,30,10,7716887.0,2,0,1,9494741849.752941,0
385,709,0,1,28,8,12469572.0,2,1,0,5777123059.374906,0
386,705,0,1,44,3,10593496.0,1,1,0,6274962232.855791,0
387,560,1,0,66,9,11187050.359712232,1,1,1,3166303075.7111053,0
388,611,2,1,46,6,11223021.582733814,2,1,0,8250786080.571401,0
389,730,2,1,62,2,11258992.805755395,2,1,1,4469103089.792203,0
390,709,2,0,45,2,11294964.02877698,2,0,1,8292198873.711601,0
391,544,1,0,21,10,16152596.0,2,1,0,12000000000.0,0
392,712,0,0,29,7,14719907.0,1,1,1,9840883933.347864,0
393,752,0,1,38,3,18310229.0,1,1,1,2940106078.247646,0
394,648,2,1,46,9,11330935.251798563,2,1,0,3293184952.4452567,1
395,556,2,1,38,8,11366906.474820144,2,0,0,7686628830.275641,1
396,594,2,0,24,0,9737854.0,1,1,1,8359252496.050315,0
397,645,0,0,37,2,13692509.0,2,0,1,12000000000.0,0
398,557,1,1,33,3,5450355.0,1,1,1,2753582441.4915953,0
399,547,0,1,32,8,15572685.0,1,1,0,1102988554.4728794,0
400,701,1,0,39,9,11402877.697841726,2,0,1,10874240204.746756,0
401,616,1,0,66,1,13584241.0,1,1,0,8813139648.422482,1
402,605,1,1,52,1,6334975.0,1,1,0,5525052655.287139,0
403,593,0,0,38,4,12949942.0,1,1,1,5702862249.022778,0
404,751,2,1,52,8,11438848.92086331,2,0,1,8029593718.731004,0
405,443,2,1,36,6,7043801.0,2,0,1,4837250398.049472,0
406,685,1,1,23,8,11474820.143884894,2,1,1,9042939401.374,0
407,718,1,1,36,9,11510791.366906475,1,1,0,3981025158.538908,0
408,538,2,0,49,9,14143404.0,1,0,0,5319180483.142707,1
409,611,2,0,37,4,11546762.589928057,2,1,0,5566116924.419518,0
410,668,0,1,37,10,15295829.0,2,1,1,6964021112.226221,0
411,537,0,0,41,3,13830634.0,1,1,0,3881699833.066824,0
412,709,2,1,23,10,11582733.81294964,2,0,0,7434089127.7689495,0
413,850,1,1,38,1,11618705.035971224,2,1,1,1380787306.3511047,0
414,745,2,0,31,3,12432884.0,1,1,1,7957938937.917703,0
415,693,0,0,41,9,18146148.0,3,1,1,5972782690.033452,1
416,795,2,1,35,8,11654676.258992806,2,1,0,272629105.4045906,0
417,626,2,1,26,8,11690647.482014388,2,0,0,7479562785.075476,0
418,487,0,0,61,5,11036803.0,1,0,0,4796013860.499037,1
419,556,1,0,39,9,8958835.0,1,1,1,6099467836.323428,0
420,643,1,0,46,6,11726618.705035971,2,0,0,9128477633.05926,0
421,605,1,0,28,6,11762589.928057555,2,0,0,7986379734.706585,0
422,756,0,0,60,3,11592489.0,1,1,0,8376069265.907378,1
423,586,1,0,38,2,11798561.151079137,2,1,0,3056040390.774738,0
424,535,0,1,40,7,11834532.374100719,1,1,0,6671905125.974037,1
425,678,1,0,35,4,11870503.597122302,1,1,0,7039654924.980331,0
426,596,1,1,39,9,11906474.820143886,1,1,0,5225765485.464173,0
427,648,1,1,26,9,16292385.0,1,1,0,8674337201.28546,0
428,492,0,1,39,10,12457665.0,2,1,0,0.0,0
429,702,1,1,45,0,8079358.0,1,1,1,8787313585.37482,0
430,486,0,0,40,9,7134009.0,1,1,0,1802284270.5445137,0
431,568,0,1,40,1,9928263.0,1,0,0,4092718357.0803127,1
432,619,0,1,57,3,13794639.0,1,1,1,2433984365.2626743,1
433,724,0,1,41,2,12789257.0,2,0,1,3200204469.096364,0
434,548,0,0,33,0,10108436.0,1,1,0,10599534271.424889,0
435,545,0,0,37,8,11475408.0,1,1,0,9829602340.248055,1
436,683,1,1,33,8,11942446.043165468,1,0,0,7098834445.678138,0
437,762,1,0,51,3,9928698.0,1,0,1,8803558674.689312,0
438,627,0,0,30,4,7987102.0,2,1,0,7199102886.347426,0
439,516,1,1,35,10,10408859.0,2,0,0,3731382666.368884,0
440,800,1,0,38,2,16819033.0,2,1,0,6415538704.730285,0
441,464,0,0,42,3,8567925.0,1,1,1,6950982006.248308,0
442,626,1,0,35,3,11978417.266187051,1,0,0,8830394679.418724,0
443,790,1,0,31,9,12014388.489208635,2,1,0,11128439635.118484,0
444,534,1,0,34,7,12155158.0,2,1,1,9790506633.937609,0
445,745,1,1,46,2,12222019.0,1,1,1,3849656626.8512354,0
446,553,2,1,47,3,11652815.0,1,0,0,6325581689.829695,1
447,748,1,0,26,1,7778029.0,1,0,1,6342439076.237222,0
448,722,1,1,37,2,12050359.712230217,1,0,0,8275963563.620113,0
449,501,1,1,40,4,12086330.935251798,1,1,1,5729085033.341518,0
450,675,1,0,38,6,12122302.158273382,1,0,0,10515051906.68444,1
451,778,2,0,47,6,12729934.0,2,1,0,2440576049.4545116,0
452,494,0,0,38,7,17493764.0,1,1,0,10577949645.553204,0
453,850,1,1,40,9,12158273.381294966,2,0,1,10753364405.155823,0
454,592,2,1,31,7,12194244.604316548,1,0,0,10324052147.554874,0
455,590,2,0,44,3,13943237.0,1,1,0,6747073191.00457,0
456,758,1,0,39,6,12735776.0,1,0,1,3137904480.188454,0
457,506,1,1,36,5,12230215.82733813,2,1,0,9177487513.218952,0
458,733,1,1,33,3,12266187.050359713,1,1,1,9746556502.188074,0
459,711,1,1,38,3,12302158.273381297,2,1,0,5535728573.228771,0
460,514,0,1,43,1,9555631.0,1,0,1,1682347101.226616,1
461,637,2,1,37,8,12338129.496402878,1,1,1,5754323550.830206,0
462,468,0,1,29,1,11168198.0,2,1,1,2721518846.37498,0
463,539,1,1,39,3,12374100.71942446,2,1,0,6494254604.035704,0
464,509,2,0,25,3,10873871.0,2,1,0,9709891388.828749,0
465,662,1,0,32,4,13395037.0,1,1,1,2102171264.5035424,1
466,818,2,1,26,4,12410071.942446044,2,1,1,8976057484.412388,0
467,608,1,1,33,9,8996869.0,1,1,0,5503345260.040877,0
468,850,2,0,32,9,12446043.165467627,2,1,1,7972408013.503342,0
469,816,0,0,38,5,13087875.0,3,1,0,5766115879.115309,1
470,536,1,1,35,8,12482014.38848921,2,1,0,2474603618.224861,0
471,753,1,1,35,3,12517985.61151079,2,1,1,8144493338.185726,0
472,631,2,1,27,10,13416962.0,1,1,1,7750797915.555126,0
473,703,1,1,37,1,14976208.0,1,1,0,6966831012.805839,1
474,774,1,1,26,2,9384469.0,1,1,0,10438997643.489994,0
475,785,1,1,28,8,12553956.834532375,2,1,0,10186967452.135288,0
476,571,1,0,33,1,12589928.057553958,2,1,0,3056189818.593002,0
477,621,0,1,46,6,14107837.0,1,0,0,7384523624.677639,1
478,605,0,0,31,1,11799259.0,1,1,1,2431979232.3098493,0
479,611,1,0,40,8,10081233.0,2,1,0,4294434438.961887,0
480,569,1,1,38,7,12625899.28057554,1,1,1,10537196139.03833,0
481,658,1,1,29,4,12661870.503597122,1,1,1,4926152317.995412,0
482,788,2,1,34,6,15647862.0,1,0,1,5248269586.959323,0
483,525,1,0,23,5,12697841.726618705,2,1,0,9661212329.820107,0
484,798,1,1,37,8,12733812.949640289,3,0,0,9783023336.020988,0
485,486,0,1,37,9,11521799.0,2,1,0,6324353033.452657,0
486,615,2,1,61,9,12769784.17266187,2,1,0,2577206302.1848574,1
487,730,1,0,35,0,15547055.0,1,1,1,9885927556.073692,0
488,641,1,1,37,7,12805755.395683452,2,1,0,4845745362.975883,0
489,542,1,1,39,3,13509677.0,1,1,1,7084280772.883857,1
490,692,1,1,30,2,12841726.618705038,2,0,1,4832696221.805632,0
491,714,0,0,55,9,18007522.0,1,1,1,6444052491.331706,0
492,591,2,1,29,1,9754124.0,1,1,1,1732801298.0571594,0
493,710,1,0,41,2,15606705.0,1,1,1,3870700766.054023,0
494,639,1,0,38,4,8155094.0,2,0,1,8281188784.7380085,0
495,531,1,0,47,6,12877697.84172662,1,0,0,7894368192.000526,1
496,673,1,0,38,2,17006192.0,2,0,0,2252312842.7509384,1
497,765,0,1,36,8,9231054.0,2,1,1,7267176446.080075,0
498,622,1,0,32,6,16908938.0,2,1,0,6502725737.116293,0
499,806,1,1,40,5,8061393.0,1,1,1,7228972706.388689,0
500,757,0,1,26,8,12158156.0,2,1,1,5371655230.34253,0
501,570,1,0,58,8,12913669.064748202,1,0,1,7935015730.132015,1
502,555,2,1,32,4,12949640.287769785,2,1,1,12000000000.0,0
503,692,1,1,54,5,12985611.510791369,2,1,1,3933859773.091303,0
504,774,1,1,60,5,8589155.0,1,1,0,7892641424.127656,1
505,638,2,1,44,9,7763735.0,2,1,1,100000.0,0
506,543,2,0,41,4,13021582.73381295,1,0,0,3915646238.959124,0
507,584,1,1,31,5,13057553.956834532,2,1,0,7490723593.557644,0
508,691,0,1,30,7,11692789.0,1,1,0,3986229339.1640873,0
509,684,0,0,40,6,13732665.0,1,1,0,6243606779.85736,0
510,733,1,1,22,5,13093525.179856116,2,1,1,1028978998.8165407,0
511,599,2,0,37,2,13129496.4028777,2,1,1,2964825694.820953,0
512,524,0,0,31,10,6723898.0,2,1,1,9613043698.266102,0
513,632,0,0,38,6,8656976.0,2,1,0,5010648440.920578,0
514,735,2,1,34,5,13165467.625899281,2,0,0,8279814486.177595,0
515,734,1,1,34,6,13201438.848920863,1,1,1,2615656299.133736,0
516,605,1,0,51,3,13618878.0,1,1,1,3219233079.011438,1
517,793,2,1,38,9,13237410.071942447,2,1,0,5770117978.550041,0
518,468,1,0,56,10,13273381.29496403,3,0,1,9571962176.205177,1
519,779,0,1,37,7,12009252.0,2,1,0,6656052471.458059,0
520,698,1,1,48,4,10123824.0,2,0,1,8834965416.019674,1
521,707,1,1,58,6,8968592.0,1,0,1,4733467243.975273,0
522,850,1,0,35,1,21177431.0,1,1,0,8360191656.09812,1
523,850,1,1,56,7,13131748.0,1,1,1,6583816289.737291,0
524,527,2,1,37,5,9372273.0,2,1,1,9978096934.888807,0
525,696,0,1,32,8,10116099.0,1,1,1,8665267922.371952,0
526,661,1,1,48,3,12032054.0,1,0,0,5289472639.2459,0
527,776,1,0,31,2,13309352.517985612,2,1,1,2517834719.8427515,0
528,701,1,1,43,2,13345323.741007194,2,1,1,10229152602.397343,0
529,610,1,1,26,8,13381294.964028778,2,1,0,7769141269.29227,0
530,572,0,0,48,3,15282799.0,1,1,0,7123989757.65761,1
531,673,1,1,30,1,6409775.0,1,1,1,5388579790.553867,0
532,519,2,0,57,2,11903535.0,2,1,1,5474398118.369159,0
533,702,2,0,26,4,13521957.0,1,0,1,4931766824.730423,0
534,729,1,1,32,6,9369442.0,1,1,1,8496194316.813005,0
535,543,2,1,35,10,5940863.0,1,1,0,5179955795.901926,0
536,550,1,0,40,7,11435495.0,1,1,0,8860653552.821188,0
537,608,1,1,59,1,13417266.187050361,1,1,0,1593156917.580861,1
538,639,0,1,35,10,13453237.410071943,2,1,0,8846982208.517248,0
539,686,2,1,34,9,13489208.633093527,2,1,0,4415638938.675928,0
540,564,0,0,62,5,11493135.0,3,0,1,5795394323.687162,1
541,745,0,0,28,1,11107136.0,1,1,0,8483621392.425741,1
542,833,1,1,37,8,15122618.0,2,1,1,7694989523.682734,0
543,622,1,1,26,9,13525179.856115108,2,1,1,1246418907.5044928,0
544,597,1,0,42,4,6474012.0,1,1,1,5794050483.805686,0
545,721,2,1,51,0,16931213.0,1,1,0,3330960404.914698,1
546,504,1,0,49,7,13561151.079136692,3,0,1,9340598503.261147,1
547,842,2,0,44,2,11265208.0,2,1,0,4059257538.7778845,0
548,587,1,1,38,0,13597122.302158274,2,1,0,5072355757.795217,0
549,479,0,0,30,7,14396436.0,2,1,0,9306246513.011469,0
550,508,1,1,49,7,12245146.0,2,1,1,100000.0,0
551,749,1,1,24,1,13633093.525179857,3,1,1,5753490717.548417,0
552,721,0,0,36,3,6525307.0,2,1,0,0.0,0
553,674,0,1,47,6,10690194.0,1,1,1,9797191413.983032,1
554,685,2,0,25,10,12850963.0,1,1,0,11113156794.260777,0
555,417,1,1,34,7,13669064.74820144,2,1,0,3993694403.754224,0
556,574,0,1,33,3,12983467.0,1,1,0,4122042324.4372044,0
557,590,2,0,51,3,15496299.0,3,0,1,8855045423.038591,1
558,587,0,1,40,5,13705035.971223023,2,1,0,4589496696.965606,0
559,598,0,1,41,3,9153693.0,1,1,0,8824560364.312834,1
560,741,2,1,53,3,13741007.194244605,2,1,1,8847003722.733986,0
561,850,2,0,70,5,13776978.417266188,1,1,1,1022185612.0313797,0
562,584,0,0,29,7,10520401.0,1,0,1,7986023141.616615,0
563,650,2,1,61,1,15296873.0,1,0,1,9857433113.379932,0
564,607,2,1,36,8,15826168.0,1,1,1,4047218634.910674,0
565,509,1,0,46,1,13812949.64028777,1,1,0,11315096460.913288,1
566,689,2,0,38,6,12102105.0,1,1,1,4154149334.1555767,0
567,543,1,1,36,4,13848920.863309354,2,1,1,8645264950.460848,0
568,438,2,0,54,2,13884892.086330935,1,0,0,4706198710.276872,1
569,687,2,0,63,1,13771566.0,1,1,1,6560193856.120234,0
570,737,0,1,31,5,12119222.0,2,1,1,7602419651.323393,0
571,761,1,1,31,7,13920863.309352519,3,1,1,5024418222.817081,0
572,601,1,1,44,1,10048618.0,2,1,1,5311792955.806099,0
573,651,1,1,45,1,13956834.5323741,1,1,0,4258218072.9938765,1
574,745,1,1,35,9,9256653.0,2,1,0,4982920722.875547,0
575,648,2,0,49,10,13992805.755395684,2,1,1,5022535984.352892,1
576,848,2,1,40,3,11092996.0,1,1,1,1697069478.946146,0
577,546,1,0,27,8,14028776.978417266,2,1,1,9469450229.886112,0
578,439,2,0,32,3,13890161.0,1,1,0,4703575031.158351,0
579,755,1,1,30,4,12321766.0,2,0,1,7304388971.273401,0
580,593,1,0,41,6,14064748.20143885,1,1,0,8095003201.93546,0
581,701,1,1,39,2,14100719.424460432,2,1,1,4724507866.598696,0
582,701,2,1,36,8,14136690.647482015,2,1,0,8443546378.269827,0
583,607,2,0,33,2,10843187.0,2,0,1,2715390915.031261,1
584,586,2,0,57,3,14172661.870503597,2,0,1,11950581154.884947,0
585,547,0,0,30,9,7239241.0,1,1,0,2299401865.987707,0
586,647,0,0,51,1,11974177.0,2,0,0,8305606992.846067,1
587,760,1,0,51,2,10094671.0,1,0,0,4312216876.72239,1
588,621,2,1,53,9,17049184.0,1,1,0,4937043199.625888,1
589,725,1,1,44,5,14208633.09352518,1,1,1,7549663518.251425,0
590,526,1,1,36,1,14244604.316546764,1,1,0,1140407799.547697,0
591,519,2,0,47,6,15729602.0,2,0,0,8104076291.558643,1
592,713,0,0,38,7,14460622.0,1,1,1,7691816868.47732,1
593,700,1,1,38,8,14280575.539568346,1,1,0,8099303542.421728,0
594,666,1,0,34,9,11589712.0,1,1,1,763255664.6578646,0
595,630,2,1,32,4,14316546.76258993,1,0,0,4905887216.310715,0
596,779,2,0,26,4,17431813.0,2,0,1,6912702005.514308,0
597,611,0,0,41,2,11420684.0,1,1,0,4513477252.895069,0
598,685,2,1,43,9,14352517.985611511,2,1,0,6147216776.639217,0
599,646,0,1,39,9,11157441.0,1,1,1,7203016863.6631365,0
600,683,0,0,57,5,16244869.0,1,0,0,6266257869.193409,1
601,484,0,0,34,4,14824954.0,1,0,1,8670669112.433983,0
602,601,1,0,43,8,14388489.208633095,3,0,1,6551021234.294713,1
603,762,2,0,26,7,12370946.0,2,1,1,5472239053.534452,0
604,687,1,0,72,9,14424460.431654677,1,0,1,6534624860.047468,0
605,566,1,1,30,5,14460431.65467626,1,1,0,6746542977.186927,1
606,702,1,1,37,10,14496402.877697842,1,1,1,4687864839.582164,0
607,601,1,1,29,9,14532374.100719426,1,1,1,5813966670.477677,0
608,699,1,1,53,4,14568345.323741008,2,0,1,6983614709.201285,0
609,584,1,1,28,10,14604316.546762591,2,1,0,8140995058.930522,0
610,699,1,1,35,5,14640287.769784173,2,1,1,6822418905.914867,0
611,698,0,0,51,2,11101898.0,1,1,0,7846313858.313749,0
612,495,1,1,30,10,12975599.0,1,0,0,12000000000.0,0
613,650,1,0,27,6,14676258.992805757,2,1,0,9597582206.81039,0
614,605,1,0,64,2,14712230.215827338,1,1,1,6632224474.164033,0
615,667,2,1,38,1,8720238.0,1,1,1,8824689195.986294,0
616,688,0,1,26,8,14613339.0,1,1,1,3995301176.398738,0
617,727,2,0,31,0,14748201.438848922,1,1,0,5418058369.857385,1
618,754,2,1,39,6,17018499.0,2,1,0,9036871885.62479,0
619,612,0,0,62,8,14074533.0,1,1,0,8242595244.748397,1
620,546,2,1,42,7,13907051.0,1,1,1,10558594460.737453,0
621,673,2,0,37,8,14784172.661870504,2,1,1,7771633148.531013,0
622,593,1,1,35,9,11419324.0,1,1,0,100000.0,0
623,656,2,0,40,10,14820143.884892087,1,0,1,6912631622.813886,0
624,535,0,0,53,5,14161655.0,2,1,1,9991501374.880955,0
625,678,0,1,36,3,14574767.0,2,0,1,3644973883.16035,0
626,477,2,0,48,2,12912064.0,1,0,1,4269410971.189089,0
627,850,2,1,35,7,11034982.0,1,0,0,9756507154.213898,0
628,427,1,1,29,1,14132556.0,1,1,1,12000000000.0,0
629,752,1,1,49,2,7865384.0,1,1,0,2477281698.3766117,0
630,649,1,1,47,1,14856115.10791367,2,1,1,3910063684.469136,0
631,799,2,0,28,3,14225365.0,1,1,0,469872979.0119362,0
632,589,1,0,61,1,14892086.330935253,1,1,0,7640751395.444933,1
633,583,0,0,54,6,11598886.0,1,1,0,1050061990.2622738,1
634,839,2,0,33,10,7559243.0,1,1,0,3043893958.3478446,0
635,540,0,1,44,3,16411304.0,2,1,1,4462050003.522808,0
636,850,1,1,31,6,6799623.0,2,0,0,5790641057.6678505,1
637,696,2,0,51,5,14928057.553956835,2,1,0,11782381760.938557,0
638,660,2,0,33,1,14964028.776978418,2,0,0,2625120298.9509616,0
639,682,1,1,48,1,13877815.0,1,0,1,7191722917.855967,0
640,744,1,0,43,10,14783215.0,1,0,1,4277901573.9691706,0
641,785,1,0,36,4,15000000.0,1,0,0,7698272820.290688,0
642,752,2,1,48,5,11606008.0,1,1,0,11434762941.628643,1
643,706,1,0,29,5,11256462.0,1,1,0,1224592732.1107264,0
644,583,1,0,27,1,12540658.0,1,1,1,8253197548.659217,0
645,660,0,0,39,5,13513499.0,1,1,0,6694617893.468366,1
646,819,1,0,39,9,13310292.0,1,1,0,5916264194.831051,1
647,673,1,0,34,8,15035971.223021584,1,1,0,10013264143.107273,1
648,752,1,0,30,3,15071942.446043165,2,1,1,2193391448.0894704,0
649,578,1,1,38,7,8225929.0,1,1,0,3034544993.075234,0
650,438,1,0,36,4,15107913.669064749,2,1,0,9823907047.208773,0
651,652,1,1,38,6,15143884.892086333,2,1,1,6241462544.969507,0
652,629,1,0,49,4,15179856.115107914,2,1,1,4506331135.872196,0
653,720,1,1,52,7,15215827.338129498,1,1,1,8271860254.239569,0
654,668,1,1,42,3,15046107.0,1,1,0,719131835.9912844,0
655,459,0,1,48,4,13399452.0,1,1,1,6312419916.827224,1
656,729,2,1,31,8,16487081.0,2,1,1,1712120346.363834,0
657,498,0,1,25,8,12170273.0,1,1,1,6538399745.369639,0
658,549,2,1,25,6,15251798.56115108,1,0,1,7145347602.794157,0
659,601,0,0,54,1,13103997.0,2,1,1,6601174357.928663,0
660,544,1,1,64,9,11382945.0,1,1,1,9616861700.73373,0
661,751,1,0,30,6,15287769.784172663,2,1,0,7701782326.4860935,0
662,632,0,0,41,3,8187738.0,1,1,1,7214761094.103746,0
663,694,2,1,57,8,11632607.0,1,1,1,8699106690.722525,0
664,678,1,1,31,2,15323741.007194245,2,1,1,7499760490.347313,0
665,695,1,1,46,4,15359712.230215829,2,1,1,10441013836.435297,0
666,661,1,0,41,1,15395683.45323741,2,0,1,6721775766.261075,0
667,661,1,1,33,9,15431654.676258994,2,1,1,8383319098.044095,0
668,559,1,0,31,3,12707073.0,1,0,1,5619943506.489716,0
669,503,1,1,29,3,15467625.899280576,2,1,1,5342721280.316156,0
670,695,2,1,46,3,12254964.0,1,1,1,11206512926.224377,0
671,640,1,0,42,5,17609913.0,1,1,1,9414731035.51426,0
672,624,0,0,48,3,12238838.0,2,0,0,9359751957.172937,0
673,667,1,1,42,9,15503597.12230216,2,0,1,3885832577.179291,0
674,642,1,1,26,0,15539568.345323741,1,0,0,9655952645.220715,0
675,640,2,0,32,6,11887935.0,2,1,1,10611164196.480793,0
676,529,2,1,35,5,15575539.568345325,2,1,1,3705288905.4193373,0
677,563,1,0,39,5,15611510.791366907,2,1,1,9329310758.654215,0
678,593,2,0,38,4,8873644.0,2,1,0,9125019779.486727,0
679,739,0,1,45,7,10270362.0,1,0,1,3810750955.11718,1
680,788,2,0,70,1,15647482.01438849,2,1,1,5701875155.001871,0
681,684,2,0,38,3,15683453.237410072,2,1,0,5889986127.255927,0
682,482,1,1,55,5,9731825.0,1,0,1,7183328183.492903,0
683,591,2,1,58,5,12846869.0,1,0,1,5070681525.644185,0
684,651,0,0,41,4,13343259.0,1,0,1,5818856600.372249,0
685,749,0,0,40,8,14178257.0,2,0,0,3669484961.771378,0
686,583,1,1,24,9,13512528.0,1,0,0,6351800329.979536,0
687,661,2,1,42,2,17882091.0,1,0,0,6916206853.203487,1
688,715,1,0,31,2,11221214.0,2,1,1,4704225634.687427,0
689,769,0,0,45,5,12667481.0,1,1,0,5872860541.665287,1
690,625,1,0,51,7,13629497.0,1,1,0,6580077747.602113,1
691,641,1,0,36,5,6639264.0,1,1,0,6620267606.051669,0
692,716,0,1,27,1,12255234.0,2,1,0,6059430486.019725,0
693,767,1,1,43,1,7640885.0,2,1,0,3104899765.9281607,0
694,745,0,1,36,8,14507124.0,1,0,0,10656970340.664978,0
695,589,1,1,34,6,15719424.460431656,2,1,1,9597820825.041624,0
696,796,1,0,45,2,10973022.0,1,1,1,4287980004.6986322,0
697,664,1,1,57,6,15755395.683453238,2,1,1,3369601715.010899,0
698,445,2,1,62,1,6411938.0,1,1,1,10488534449.803259,1
699,543,0,0,57,1,10613833.0,2,1,1,4665602976.225786,1
700,746,2,1,36,2,15791366.906474821,2,1,1,2581644711.887669,0
701,742,0,1,33,0,18165651.0,1,1,1,6175134269.19694,0
702,750,1,0,32,5,15827338.129496403,2,1,0,7899664228.26688,0
703,669,1,1,30,7,9512886.0,1,0,0,7842890408.092108,0
704,594,2,0,49,2,12661594.0,2,0,1,3579149235.2162523,0
705,574,2,1,36,1,15863309.352517987,2,0,1,9585868860.76787,0
706,659,0,1,36,2,7619048.0,2,1,1,8426928252.168358,0
707,750,0,1,40,5,16828681.0,3,1,0,2740900779.783324,1
708,626,0,1,35,4,8810981.0,1,1,1,4038505584.033202,0
709,620,1,1,42,4,15899280.575539568,2,1,0,5986659220.541648,0
710,580,1,0,35,8,15935251.798561152,2,0,1,8491934388.789915,0
711,686,1,0,34,3,12397151.0,2,1,0,7133934512.010874,0
712,540,1,1,48,0,14811648.0,1,0,0,6038921453.744617,0
713,634,0,1,35,6,11626901.0,1,1,0,3118945742.417368,0
714,632,2,1,38,1,12059921.0,1,1,0,6268624718.334091,0
715,501,1,0,41,3,15971223.021582734,1,1,0,6632339318.950232,0
716,650,2,0,25,3,16007194.244604317,3,1,0,4294028333.5592995,1
717,786,1,1,34,9,16043165.4676259,2,1,0,5972050191.286339,0
718,554,0,0,37,4,5862997.0,1,0,0,9094148716.37887,0
719,701,2,0,42,5,16079136.690647483,2,0,0,10646525163.288769,0
720,474,1,1,45,10,16115107.913669067,2,0,0,12000000000.0,0
721,621,1,0,43,5,16151079.136690648,1,1,1,5899719576.741921,0
722,672,2,0,56,2,20976731.0,2,1,1,5686953930.241795,1
723,459,2,0,42,6,12963425.0,2,1,1,6895167831.868843,1
724,669,1,1,23,1,16187050.359712232,2,0,0,5131442908.949111,0
725,776,1,0,38,2,16982446.0,1,1,0,6111303337.8874035,0
726,694,1,1,36,3,9753025.0,1,1,1,9330051463.653091,0
727,787,1,0,42,10,14598865.0,2,1,1,8684717544.657433,0
728,580,1,1,37,9,16223021.582733814,2,0,1,6588951310.960442,0
729,711,1,0,25,7,16258992.805755397,3,1,1,2830342769.1878767,0
730,673,1,0,40,5,13749428.0,1,1,0,7191221782.500672,0
731,499,1,0,57,1,16294964.02877698,1,0,0,5257719942.072624,1
732,591,1,1,24,6,16330935.251798563,1,1,1,7191334730.041505,0
733,769,1,0,25,10,16366906.474820144,2,0,0,5296975634.111308,0
734,657,2,1,31,3,12516702.0,1,0,0,10786942941.99609,0
735,738,0,1,43,9,12115205.0,2,1,0,3679847450.623856,1
736,545,0,0,60,7,12898107.0,1,0,1,4726799174.748054,1
737,497,1,1,47,6,16402877.697841728,1,1,1,8559233184.312389,0
738,816,2,1,67,6,15185898.0,1,1,1,11107773245.46315,0
739,525,1,1,36,2,16438848.92086331,1,0,1,4419420702.282161,0
740,725,1,1,46,6,16474820.143884894,2,1,0,7672437819.473589,0
741,692,1,0,28,8,9505902.0,2,1,0,3405903950.6040745,0
742,618,1,0,24,7,12873639.0,1,0,1,10921564017.82753,0
743,546,1,1,24,8,15632538.0,1,1,1,1720241276.132627,0
744,635,1,1,29,7,10540597.0,1,1,1,8836526122.885546,0
745,611,1,0,49,2,8891537.0,3,0,0,6268236560.759687,1
746,650,1,1,60,8,16510791.366906475,2,1,1,8508017734.244297,0
747,606,1,1,40,5,16546762.589928059,2,1,1,10330455709.090736,0
748,844,1,1,38,2,16098003.0,1,0,0,4492021912.472202,0
749,450,2,0,46,5,17761971.0,1,1,0,5006066459.288819,0
750,727,2,1,38,2,6227699.0,1,1,1,8524060122.306811,0
751,460,0,1,46,4,12755997.0,2,1,1,931916120.8717899,0
752,649,1,1,41,0,16582733.81294964,2,0,1,1050161230.7149067,0
753,758,0,0,47,9,9552316.0,1,1,0,67957638.14702415,0
754,490,1,0,35,7,10774903.0,1,1,1,11048097620.047567,0
755,815,0,1,37,2,11077726.0,2,1,0,1897134308.1797633,0
756,838,2,0,39,5,16673392.0,2,1,0,7087401495.863771,0
757,803,1,1,31,9,15712086.0,2,1,0,3432585050.9159884,0
758,664,0,0,36,2,12716078.0,2,1,0,6825329568.072277,0
759,736,2,0,28,2,16618705.035971224,2,1,1,8856436402.612621,0
760,633,1,0,37,9,15609197.0,1,1,0,4960718766.222991,0
761,664,1,1,58,5,9866818.0,1,1,1,5390834817.968838,0
762,600,1,0,43,5,13402206.0,1,1,0,11489274505.091465,0
763,693,1,0,35,5,12415109.0,1,1,0,4328684700.815689,1
764,663,0,0,36,6,16654676.258992806,1,0,0,5575116991.883077,1
765,742,0,0,21,1,11429248.0,1,1,0,7489796639.660465,0
766,710,0,1,43,2,14008032.0,3,1,1,1153911152.3895397,1
767,710,2,0,27,2,13527796.0,1,1,0,7963459705.61577,0
768,700,1,0,85,2,16690647.48201439,2,0,1,6740753925.044659,0
769,720,0,1,60,9,11592062.0,2,0,0,5958656105.7879925,1
770,684,2,1,41,2,11978272.0,2,0,0,7716775596.94615,0
771,531,1,0,63,1,11471571.0,1,0,1,2771209741.326841,1
772,742,0,0,36,2,12974854.0,2,0,0,10307686734.23342,1
773,717,1,1,31,4,12972257.0,1,0,0,5528059849.586645,0
774,589,1,1,32,2,16726618.705035971,2,0,1,5833673626.763877,0
775,767,1,1,36,3,16762589.928057555,1,0,0,6557794035.718121,0
776,636,0,1,49,6,11359974.0,2,1,0,8246184858.419384,1
777,648,1,1,33,7,16798561.151079137,1,1,1,100000.0,0
778,622,0,0,58,7,11692225.0,1,1,0,2667845390.9869304,1
779,692,2,1,28,9,11894509.0,1,0,0,8205755916.515426,1
780,754,1,1,28,8,16834532.374100722,2,1,1,2828824072.326038,0
781,679,2,0,35,8,11918273.0,1,0,0,5497177385.524898,0
782,639,1,1,27,8,16870503.597122304,2,1,0,7771578408.235592,0
783,774,1,0,28,1,7126402.0,2,0,1,6862304602.214517,0
784,517,1,1,41,2,16906474.820143886,2,0,1,6284223790.729716,0
785,571,1,0,35,8,16942446.043165468,2,0,0,6950890214.924136,0
786,747,0,1,58,7,11631357.0,1,1,1,4777105232.408392,1
787,792,2,1,36,5,9214015.0,1,0,1,4456600748.352863,0
788,688,1,1,26,1,16978417.26618705,2,1,1,2980191747.4980326,0
789,714,0,1,42,2,17764009.0,1,0,1,131988128.01858711,0
790,562,2,0,35,0,17014388.489208635,2,1,0,8802448222.549175,0
791,704,2,1,48,8,17050359.712230217,1,1,1,5774855715.6851,0
792,698,1,1,36,2,8227535.0,2,1,1,10798115033.730263,0
793,611,1,1,49,3,17086330.935251802,2,1,1,7429949540.081547,0
794,850,0,0,48,6,11196299.0,1,1,0,9694338428.44072,0
795,743,0,0,34,1,13173688.0,1,1,1,8086625587.757446,0
796,654,1,1,29,1,17122302.158273384,1,1,0,4956779756.155038,0
797,761,0,1,36,8,10823911.0,2,0,0,2331971107.9841065,0
798,702,1,0,46,9,9844419.0,1,0,1,6460684928.357295,0
799,488,0,1,32,3,11454038.0,1,1,0,8258830571.685947,0
800,683,1,0,35,6,18753066.0,2,1,1,1664970379.2977314,0
801,601,0,0,42,9,13363616.0,1,0,1,11200518605.298332,0
802,605,1,1,52,7,17158273.381294966,2,1,1,7919286196.555535,0
803,671,0,0,44,0,8474503.0,2,0,1,5510286447.356902,0
804,614,0,0,31,7,12059938.0,2,1,1,12000000000.0,0
805,511,2,0,29,9,17194244.604316548,2,0,1,12000000000.0,0
806,850,1,1,39,4,12777135.0,2,0,1,4157280800.027405,0
807,790,2,0,46,9,17230215.82733813,1,0,0,1966821345.9824953,1
808,793,1,0,33,0,17266187.05035971,1,0,0,4281146094.8425655,0
809,628,1,1,69,5,17302158.273381297,2,1,1,6038373798.299186,0
810,598,0,1,53,10,16777296.0,1,1,1,7326628402.179358,0
811,657,1,0,37,6,17338129.49640288,1,1,0,7503165994.265273,0
812,618,1,0,35,10,17374100.719424464,2,1,0,5546343061.119793,0
813,681,2,1,65,7,17410071.942446046,2,0,1,2928831951.1875887,0
814,516,2,0,33,3,17446043.165467627,2,1,1,5866014398.706114,0
815,421,0,1,28,8,12238422.0,3,1,1,2801177439.401175,1
816,700,1,0,26,2,17482014.38848921,2,0,0,10254665355.141632,0
817,745,1,1,25,5,15799315.0,2,1,0,7235515280.061486,0
818,696,1,1,29,8,17517985.61151079,2,1,0,1402621127.598772,0
819,580,0,0,42,2,12333136.0,1,0,0,8739129021.983232,1
820,497,2,1,27,9,7526316.0,1,1,1,6685365988.145787,0
821,720,1,0,43,6,13782403.0,2,1,0,6022179322.8819065,0
822,659,0,1,36,4,13257892.0,2,1,0,2295823824.238024,0
823,841,1,0,36,5,15602131.0,1,0,0,318612817.09374714,0
824,642,2,1,34,8,17553956.834532373,1,1,0,5440938428.294086,0
825,732,2,0,69,9,13745343.0,1,0,1,7356092073.56253,1
826,600,2,1,36,4,17589928.05755396,2,1,0,6740688043.5230055,0
827,464,0,1,33,8,16428472.0,2,1,1,3845826440.3932223,0
828,680,1,0,47,5,17625899.28057554,2,1,1,8062589601.611941,0
829,758,2,1,56,1,17661870.503597125,2,1,1,1716010282.9461036,0
830,630,0,0,31,2,11237349.0,2,1,1,4494904190.612194,0
831,577,1,0,39,10,17697841.726618707,2,1,0,8796192742.347832,0
832,684,1,0,34,6,17733812.94964029,2,1,1,7751649559.917801,0
833,708,2,0,41,5,17769784.17266187,1,0,1,11150234061.580982,0
834,732,0,0,29,1,15433382.0,1,1,1,5387750599.654586,0
835,634,0,1,37,3,11143277.0,2,1,1,11979682604.032291,0
836,633,1,0,30,6,17805755.395683452,2,0,0,6063986323.224851,0
837,559,1,1,34,2,13739011.0,2,1,0,7545968768.149055,0
838,694,2,0,37,3,17841726.618705034,2,1,1,1480003479.7906742,0
839,686,0,0,56,5,11164208.0,1,1,1,3287781193.049247,0
840,553,2,0,48,3,17877697.84172662,1,0,1,4368581142.228073,1
841,507,1,1,36,4,8354337.0,1,0,0,2035769556.2165432,0
842,732,0,1,50,6,14533876.0,1,0,0,5602280997.036708,1
843,818,1,0,31,1,18679637.0,1,0,0,10799700416.248127,0
844,660,0,1,35,8,5864143.0,1,0,1,8254159610.595119,0
845,773,2,0,41,5,17913669.064748205,1,1,0,10835309935.863932,1
846,640,1,1,44,3,13714868.0,1,1,0,1772344370.8050127,0
847,505,1,1,49,7,8000123.0,1,0,0,6058244733.971718,0
848,714,0,1,21,6,8640252.0,2,0,0,8714204999.808872,0
849,468,1,0,42,5,17949640.287769787,2,1,0,10689620817.425325,0
850,611,2,1,51,1,12287474.0,1,1,1,7862849766.714134,0
851,705,1,1,25,0,9754429.0,1,0,1,1875403866.7582636,0
852,646,0,1,46,1,17082655.0,2,1,0,8682887877.982985,0
853,667,0,0,38,1,9713392.0,2,0,0,1473829732.5619707,1
854,511,0,0,41,8,15389565.0,1,1,1,100000.0,0
855,653,1,0,43,6,17985611.51079137,2,1,1,7284628825.8632,0
856,675,1,0,57,8,18021582.73381295,2,0,1,6078227740.884925,0
857,523,2,1,32,4,18057553.956834532,2,1,0,3284505403.9488273,0
858,567,0,0,49,5,13495602.0,1,1,0,4417529368.835857,1
859,741,2,1,39,7,14363758.0,2,0,1,5568732004.703392,0
860,456,2,1,32,9,14750625.0,1,1,1,6680613730.480689,0
861,598,1,1,64,1,18093525.179856114,2,1,0,5355626579.99978,1
862,667,1,1,43,8,19022746.0,1,1,0,12000000000.0,1
863,548,1,0,32,2,17244877.0,1,1,0,6824509857.78975,1
864,725,1,1,41,7,11398021.0,1,1,1,4939419120.795558,0
865,717,1,1,53,6,18129496.4028777,2,0,1,5848708566.172718,0
866,594,1,1,38,4,18165467.62589928,2,0,0,7560834135.622896,0
867,678,0,0,25,10,7696812.0,2,0,1,7745669001.08797,0
868,545,1,1,38,1,8829313.0,2,1,1,2065702959.292859,0
869,636,1,0,38,1,17083346.0,1,1,0,4388140142.696251,1
870,603,0,1,44,6,10812239.0,2,1,0,6069360216.969704,1
871,435,1,1,36,4,18201438.848920867,1,1,1,5827436142.844566,0
872,535,1,0,40,8,18237410.07194245,1,1,1,4226208214.3022866,0
873,629,0,0,45,7,12981839.0,3,1,0,8744695330.752985,1
874,722,1,0,35,2,16394389.0,2,1,1,3362679785.1688147,0
875,561,1,1,28,7,18273381.29496403,2,1,0,3568982659.9276037,0
876,645,1,0,38,5,18309352.517985612,2,0,1,3902271641.197093,0
877,501,1,0,39,9,11730166.0,1,0,0,3804821226.490508,0
878,502,0,0,32,1,17334083.0,1,0,1,7623291581.670669,0
879,652,2,0,42,4,18345323.741007194,2,1,1,1668755113.77289,0
880,574,1,0,33,3,13434857.0,1,1,0,6168473622.267941,0
881,518,1,0,45,9,10552565.0,2,1,1,4261636387.015185,0
882,749,1,0,60,6,18381294.964028776,1,1,0,6925091488.916989,1
883,679,1,0,43,4,18417266.18705036,3,1,0,7519249106.096746,1
884,565,1,1,36,6,18453237.410071943,1,1,0,3589245889.8608103,0
885,643,1,0,45,4,18489208.63309353,1,1,0,100000.0,1
886,515,1,1,65,7,9211361.0,1,1,1,5572824274.725037,0
887,521,1,1,25,7,18525179.85611511,2,1,1,7229248624.733793,0
888,739,2,1,38,0,12836644.0,1,1,0,9822879752.510159,0
889,585,1,1,38,2,18561151.079136692,2,1,1,1946009523.2059865,0
890,733,0,1,74,3,10654553.0,1,1,1,9668056578.318977,0
891,542,1,0,43,8,14561837.0,1,0,1,2538466786.036758,0
892,788,2,1,37,8,14154125.0,1,0,0,2900411717.650125,0
893,435,0,1,32,2,5701706.0,2,1,1,5585822813.426454,0
894,577,1,1,42,9,18597122.302158274,1,1,0,4728108871.191045,0
895,703,1,0,51,3,18633093.525179856,3,1,1,6811462452.258207,1
896,728,0,0,35,8,12588495.0,2,1,0,5898364636.094815,1
897,728,0,1,32,5,18669064.748201437,1,1,1,3935765121.359614,0
898,718,1,1,35,8,18705035.971223023,2,1,0,2907515815.205586,0
899,621,1,0,40,6,18741007.194244605,1,1,0,6179743757.072662,0
900,523,1,0,40,2,10296741.0,1,1,0,3965061690.9891467,1
901,657,0,1,25,2,17177055.0,1,1,0,7513438117.963234,0
902,727,0,1,40,1,9305164.0,2,1,0,4754540997.915077,1
903,643,1,1,36,7,16106464.0,2,0,1,7664387766.476686,0
904,645,1,0,48,7,9061234.0,1,1,1,6931622249.696038,0
905,568,1,1,28,5,14510564.0,2,1,0,8568091806.3235035,0
906,599,1,1,58,4,18776978.41726619,1,0,0,1011501242.9758377,1
907,672,1,0,45,9,18812949.64028777,1,1,1,5049782793.391428,1
908,685,1,1,33,6,17491272.0,1,1,1,9919173153.48634,0
909,516,1,0,46,1,10494772.0,1,1,0,9414602900.067724,1
910,685,2,1,31,10,13521371.0,1,1,1,12000000000.0,0
911,806,2,1,25,7,18848920.863309354,2,1,0,6969331775.345112,0
912,604,1,1,36,6,11622985.0,2,1,1,3510520630.3147664,0
913,648,2,0,53,6,11120141.0,1,1,1,5387015356.289613,0
914,545,2,0,32,4,18884892.086330935,1,1,0,7865473614.374805,0
915,756,0,1,27,1,18920863.309352517,1,1,0,2602809118.1349535,0
916,569,1,1,35,10,12452552.0,1,1,1,7274314840.297324,0
917,596,1,1,47,6,18956834.532374103,1,1,0,8854456735.48525,0
918,475,1,1,39,6,18992805.755395684,1,1,1,4550884832.428951,1
919,646,1,0,45,3,19028776.97841727,1,1,1,5647120126.594083,0
920,784,2,1,35,3,19064748.20143885,2,0,0,4245262862.5428667,0
921,552,2,1,45,9,19100719.424460433,2,1,0,10926034620.196434,0
922,729,1,1,44,5,19136690.647482015,2,0,1,2880835324.2765656,0
923,609,2,1,61,1,19172661.870503597,1,1,0,10580027396.316889,1
924,555,1,1,51,5,19208633.09352518,3,1,0,9118120032.077793,1
925,572,0,0,19,1,13865708.0,1,1,1,6092106072.20218,0
926,785,1,0,34,9,7030248.0,1,1,1,2174933278.947078,0
927,714,0,0,36,1,10160901.0,2,1,1,1697481345.3456306,0
928,738,2,1,35,3,19244604.316546764,1,1,1,5141690630.1967945,0
929,639,0,1,38,5,13017082.0,1,1,1,1442280608.487668,0
930,520,0,1,61,8,13380229.0,2,1,1,4409181694.058191,0
931,764,1,0,24,7,10623402.0,1,0,0,8135020557.315119,0
932,661,2,1,38,6,13262898.0,1,0,0,6444672429.629619,0
933,564,0,1,38,9,10352275.0,2,1,1,1411602518.6260576,0
934,708,0,0,42,8,19239052.0,2,1,0,4126241691.665488,0
935,512,2,1,36,1,19280575.539568346,1,0,1,5565463218.747669,1
936,592,2,1,37,9,19316546.76258993,3,1,1,5183003290.701024,0
937,619,1,0,38,3,19352517.985611513,2,0,1,7109264558.822839,0
938,775,1,1,52,8,10992261.0,1,1,1,4559056855.304892,1
939,850,0,0,44,5,12860532.0,1,0,1,7312268228.236093,0
940,577,1,0,37,4,19388489.208633095,1,1,1,7441537487.579478,0
941,724,1,0,37,10,6859856.0,1,1,0,6758664034.887387,0
942,710,2,1,35,1,10651852.0,1,1,1,7236562617.292688,0
943,696,1,0,31,8,19424460.431654677,2,0,0,7978843348.849156,0
944,376,1,0,46,6,19460431.65467626,1,1,0,2132068457.7967105,1
945,675,0,0,29,8,12132642.0,1,1,0,2406797103.9001336,0
946,745,1,1,36,8,6722637.0,1,1,0,7044175936.463432,0
947,697,2,0,25,5,8293185.0,2,1,1,946356759.026166,0
948,599,2,0,39,4,19496402.87769784,1,1,0,11938697583.864405,1
949,715,1,0,38,5,11859041.0,1,1,1,6969187262.579026,1
950,659,1,1,67,4,14598187.0,1,1,1,5314321449.406895,0
951,684,1,0,48,3,7330938.0,1,0,0,5595545424.83607,1
952,635,1,0,48,8,13079633.0,2,1,1,10124586485.611898,0
953,789,0,1,33,8,15160756.0,1,1,0,6374669985.873291,0
954,571,0,0,66,9,11157701.0,1,0,1,4543689059.056813,0
955,694,2,1,39,0,10704274.0,1,1,1,10121872918.431131,0
956,665,2,0,42,2,15637161.0,2,0,1,4972630342.870724,1
957,706,1,0,44,4,12960599.0,1,0,0,6455332749.578633,0
958,807,2,0,43,0,19532374.100719426,2,0,1,8438689244.614454,0
959,771,2,0,67,8,19568345.323741008,2,1,1,11285309470.183975,0
960,531,2,1,27,8,13257625.0,1,0,0,4846246051.93829,0
961,629,1,0,37,6,19604316.546762593,1,1,1,8236486974.150816,0
962,850,0,0,31,1,19640287.769784175,1,1,1,5257267599.920247,0
963,685,2,1,35,4,13794851.0,1,1,0,7149170280.983234,0
964,642,2,1,32,7,19676258.992805757,1,1,1,9649030194.639885,0
965,529,2,1,63,4,9613411.0,3,1,0,100000.0,1
966,683,0,0,43,4,11588804.0,1,1,1,9967980703.01331,1
967,663,1,0,42,5,12462607.0,1,1,1,1564228054.001111,0
968,563,1,0,34,6,13981034.0,1,1,1,6987908118.795768,0
969,637,2,0,34,9,19712230.21582734,2,0,0,5146955911.375027,0
970,544,1,1,37,3,8449671.0,1,0,0,8045601891.558617,0
971,649,0,1,70,9,11685471.0,2,0,1,5570763100.003522,0
972,638,1,0,48,10,13833303.0,1,1,1,2213112571.638148,0
973,723,1,1,25,3,19748201.43884892,2,1,1,4908734418.897385,0
974,635,0,1,43,5,7899275.0,2,0,0,8702808311.442614,0
975,750,2,1,38,7,9725741.0,2,0,1,8255268801.269841,0
976,730,1,1,34,5,12245337.0,2,1,0,11515209481.743397,0
977,750,2,0,36,8,11294007.0,1,0,1,3740508597.6708345,0
978,586,1,0,43,8,13255826.0,1,1,0,4846623605.190259,1
979,520,1,0,38,4,19784172.661870506,2,1,0,2687311927.433691,0
980,652,1,0,48,8,13329724.0,1,1,0,9450298234.698343,0
981,550,1,0,46,7,19820143.884892087,2,1,0,7510724982.63592,0
982,594,1,1,27,0,19856115.107913673,1,0,0,5570563329.994865,0
983,749,0,0,44,0,7149779.0,2,0,0,4490958733.943373,0
984,668,1,1,32,7,19892086.330935255,2,1,1,5861832607.627931,0
985,614,0,0,35,6,12810028.0,1,0,0,0.0,1
986,773,1,1,38,1,12453278.0,2,0,1,3036614277.26011,0
987,551,0,1,31,9,8229382.0,2,1,1,2868741449.040966,0
988,566,1,1,36,1,14212091.0,1,1,0,3420560174.7720623,0
989,569,2,1,34,0,15183926.0,1,1,0,3140541463.475663,1
990,659,2,0,31,7,14962088.0,2,1,1,5289884598.177246,0
991,722,1,0,49,3,16819766.0,1,1,0,3440335463.418989,1
992,655,1,1,85,5,19928057.553956836,2,1,0,496033022.32979393,0
993,615,1,0,35,2,9744002.0,2,1,1,5835569707.845552,0
994,752,0,0,42,3,6504608.0,2,0,1,8182383878.80707,0
995,661,2,0,28,7,9535749.0,1,0,0,6225801435.00737,0
996,838,2,1,43,9,12310588.0,2,1,0,9620028363.853392,0
997,610,2,1,29,9,19964028.77697842,3,0,1,4711050539.246698,0
998,811,2,1,44,3,20000000.0,2,0,1,7560581921.830408,0
999,587,2,1,62,7,12128627.0,1,0,1,4233758534.6133194,0
1000,811,0,0,28,4,16773882.0,2,1,1,5479480698.285255,0
